,Purpose of Visit,Year,Visitor Arrivals,Growth Rate(%)
China,Business,1992,"48,563",
China,Business,1993,"58,232",19.91021972
China,Business,1994,"56,485",-3.000068691
China,Business,1995,"59,859",5.973267239
China,Business,1996,"63,351",5.833709217
China,Business,1997,"68,800",8.601284905
China,Business,1998,"66,417",-3.463662791
China,Business,1999,"67,204",1.184937591
China,Business,2000,"77,429",15.21486816
China,Business,2001,"74,309",-4.029497992
China,Business,2002,"91,189",22.71595634
China,Business,2003,"96,177",5.469957999
China,Business,2004,"141,204",46.81680651
China,Business,2005,"165,394",17.13124274
China,Business,2006,"192,484",16.37907058
China,Business,2007,"216,229",12.33609027
China,Business,2008,"208,759",-3.454670743
China,Business,2009,"181,976",-12.82962651
China,Business,2010,"230,597",26.71835847
China,Business,2011,"195,209",-15.34625342
China,Business,2012,"236,268",21.033354
China,Business,2013,"234,764",-0.636565256
China,Business,2014,"269,334",14.72542639
China,Business,2015,"333,988",24.0051386
China,Business,2016,"361,915",8.361677665
China,Business,2017,"366,917",1.38209248
China,Business,2018,"369,028",0.575334476
China,Business,2019,"373,404",1.185817878
China,Business,2020,"33,634",-90.99259783
China,Business,2021,"3,836",-88.59487423
China,Business,2022,"26,183",582.5599583
China,Business,2023,"219,105",736.8216018
China,Business,2024,"37,074",
China,Others,1992,"81,675",
China,Others,1993,"86,376",5.75573921
China,Others,1994,"91,197",5.581411503
China,Others,1995,"99,910",9.554042348
China,Others,1996,"112,376",12.47722951
China,Others,1997,"122,903",9.367658575
China,Others,1998,"134,425",9.374872867
China,Others,1999,"149,681",11.34907941
China,Others,2000,"173,303",15.78156212
China,Others,2001,"194,174",12.04306908
China,Others,2002,"220,573",13.59553802
China,Others,2003,"226,570",2.71882778
China,Others,2004,"254,453",12.30657192
China,Others,2005,"256,739",0.898397739
China,Others,2006,"296,173",15.3595675
China,Others,2007,"318,924",7.68165903
China,Others,2008,"335,929",5.331991321
China,Others,2009,"342,413",1.930169768
China,Others,2010,"350,626",2.398565475
China,Others,2011,"394,855",12.61429557
China,Others,2012,"359,626",-8.922009345
China,Others,2013,"374,936",4.257200536
China,Others,2014,"386,252",3.018115092
China,Others,2015,"421,781",9.198398973
China,Others,2016,"476,524",12.97901043
China,Others,2017,"541,161",13.56426959
China,Others,2018,"584,833",8.070056785
China,Others,2019,"645,490",10.37167875
China,Others,2020,"170,466",-73.59122527
China,Others,2021,"34,552",-79.73085542
China,Others,2022,"120,090",247.5630933
China,Others,2023,"406,329",238.3537347
China,Others,2024,"120,797",
China,Tourism,1992,"29,147",
China,Tourism,1993,"26,454",-9.239372834
China,Tourism,1994,"24,550",-7.197399259
China,Tourism,1995,"25,489",3.824847251
China,Tourism,1996,"29,291",14.91623838
China,Tourism,1997,"33,431",14.13403435
China,Tourism,1998,"35,616",6.53584996
China,Tourism,1999,"37,153",4.31547619
China,Tourism,2000,"45,270",21.84749549
China,Tourism,2001,"72,118",59.30638392
China,Tourism,2002,"101,299",40.46285255
China,Tourism,2003,"95,991",-5.239933267
China,Tourism,2004,"189,692",97.61435968
China,Tourism,2005,"201,940",6.456782574
China,Tourism,2006,"297,025",47.08576805
China,Tourism,2007,"407,286",37.1217911
China,Tourism,2008,"455,728",11.89385346
China,Tourism,2009,"481,696",5.69813573
China,Tourism,2010,"831,652",72.65080051
China,Tourism,2011,"453,182",-45.50821738
China,Tourism,2012,"829,206",82.97416932
China,Tourism,2013,"704,737",-15.01062462
China,Tourism,2014,"1,753,572",148.8264416
China,Tourism,2015,"4,237,920",141.6735669
China,Tourism,2016,"5,535,125",30.60947352
China,Tourism,2017,"6,447,740",16.48770353
China,Tourism,2018,"7,426,173",15.17482095
China,Tourism,2019,"8,575,500",15.47670651
China,Tourism,2020,"865,156",-89.91130546
China,Tourism,2021,"3,851",-99.55487796
China,Tourism,2022,"42,852","1,012.75"
China,Tourism,2023,"1,799,723","4,099.86"
China,Tourism,2024,"717,680",
China,Transit,1992,"23,835",
China,Transit,1993,"35,681",49.70002098
China,Transit,1994,"20,624",-42.1989294
China,Transit,1995,"35,457",71.92106284
China,Transit,1996,"36,507",2.961333446
China,Transit,1997,"35,493",-2.777549511
China,Transit,1998,"30,722",-13.44208717
China,Transit,1999,"40,899",33.12609856
China,Transit,2000,"55,786",36.39942297
China,Transit,2001,"50,783",-8.968199907
China,Transit,2002,"39,359",-22.49571707
China,Transit,2003,"30,044",-23.66675983
China,Transit,2004,"30,660",2.050326188
China,Transit,2005,"28,747",-6.23939987
China,Transit,2006,"25,993",-9.580130101
China,Transit,2007,,
China,Transit,2008,,
China,Transit,2009,,
China,Transit,2010,,
China,Transit,2011,,
China,Transit,2012,,
China,Transit,2013,,
China,Transit,2014,,
China,Transit,2015,,
China,Transit,2016,,
China,Transit,2017,,
China,Transit,2018,,
China,Transit,2019,,
China,Transit,2020,,
China,Transit,2021,,
China,Transit,2022,,
China,Transit,2023,,
China,Transit,2024,,
Hong Kong,Business,1992,"28,563",
Hong Kong,Business,1993,"25,855",-9.480796835
Hong Kong,Business,1994,"25,098",-2.92786695
Hong Kong,Business,1995,"23,559",-6.131962706
Hong Kong,Business,1996,"26,143",10.96820748
Hong Kong,Business,1997,"28,078",7.401598898
Hong Kong,Business,1998,"27,297",-2.781537147
Hong Kong,Business,1999,"27,895",2.190716929
Hong Kong,Business,2000,"29,819",6.897293422
Hong Kong,Business,2001,"27,699",-7.109561018
Hong Kong,Business,2002,"28,460",2.747391603
Hong Kong,Business,2003,"26,175",-8.028812368
Hong Kong,Business,2004,"24,205",-7.526265521
Hong Kong,Business,2005,"25,518",5.42449907
Hong Kong,Business,2006,"26,166",2.539383964
Hong Kong,Business,2007,"28,745",9.856302071
Hong Kong,Business,2008,"32,921",14.52774396
Hong Kong,Business,2009,"26,994",-18.00370584
Hong Kong,Business,2010,"30,949",14.65140402
Hong Kong,Business,2011,"26,708",-13.70318912
Hong Kong,Business,2012,"30,112",12.74524487
Hong Kong,Business,2013,"32,196",6.920828905
Hong Kong,Business,2014,"33,996",5.590756616
Hong Kong,Business,2015,"36,796",8.23626309
Hong Kong,Business,2016,"36,819",0.062506794
Hong Kong,Business,2017,"38,916",5.69542899
Hong Kong,Business,2018,"37,548",-3.515263645
Hong Kong,Business,2019,"37,852",0.80963034
Hong Kong,Business,2020,"4,512",-88.0798901
Hong Kong,Business,2021,237,-94.74734043
Hong Kong,Business,2022,"7,037","2,869.20"
Hong Kong,Business,2023,"20,216",187.281512
Hong Kong,Business,2024,"3,399",
Hong Kong,Others,1992,"5,684",
Hong Kong,Others,1993,"5,353",-5.823363828
Hong Kong,Others,1994,"4,536",-15.26246964
Hong Kong,Others,1995,"4,232",-6.701940035
Hong Kong,Others,1996,"4,053",-4.229678639
Hong Kong,Others,1997,"4,292",5.896866519
Hong Kong,Others,1998,"4,529",5.521901212
Hong Kong,Others,1999,"4,644",2.539191875
Hong Kong,Others,2000,"4,647",0.064599483
Hong Kong,Others,2001,"4,567",-1.721540779
Hong Kong,Others,2002,"4,628",1.335668929
Hong Kong,Others,2003,"4,008",-13.39671564
Hong Kong,Others,2004,"4,041",0.823353293
Hong Kong,Others,2005,"4,142",2.499381341
Hong Kong,Others,2006,"3,671",-11.3713182
Hong Kong,Others,2007,"3,616",-1.498229365
Hong Kong,Others,2008,"4,084",12.94247788
Hong Kong,Others,2009,"4,405",7.859941234
Hong Kong,Others,2010,"4,711",6.946651532
Hong Kong,Others,2011,"4,384",-6.941201443
Hong Kong,Others,2012,"4,067",-7.230839416
Hong Kong,Others,2013,"4,688",15.26924023
Hong Kong,Others,2014,"5,671",20.96843003
Hong Kong,Others,2015,"6,932",22.23593722
Hong Kong,Others,2016,"9,016",30.06347375
Hong Kong,Others,2017,"11,892",31.8988465
Hong Kong,Others,2018,"13,902",16.90211907
Hong Kong,Others,2019,"15,624",12.38670695
Hong Kong,Others,2020,"3,892",-75.08960574
Hong Kong,Others,2021,638,-83.60739979
Hong Kong,Others,2022,"5,617",780.4075235
Hong Kong,Others,2023,"16,867",200.2848496
Hong Kong,Others,2024,"3,962",
Hong Kong,Tourism,1992,"136,040",
Hong Kong,Tourism,1993,"113,366",-16.66715672
Hong Kong,Tourism,1994,"109,391",-3.50634229
Hong Kong,Tourism,1995,"63,301",-42.13326508
Hong Kong,Tourism,1996,"133,700",111.213093
Hong Kong,Tourism,1997,"227,909",70.46297681
Hong Kong,Tourism,1998,"318,827",39.89223769
Hong Kong,Tourism,1999,"215,463",-32.42008989
Hong Kong,Tourism,2000,"205,315",-4.709857377
Hong Kong,Tourism,2001,"226,862",10.49460585
Hong Kong,Tourism,2002,"255,294",12.53272915
Hong Kong,Tourism,2003,"228,073",-10.6626086
Hong Kong,Tourism,2004,"271,492",19.03732577
Hong Kong,Tourism,2005,"269,123",-0.872585564
Hong Kong,Tourism,2006,"322,413",19.80135477
Hong Kong,Tourism,2007,"399,681",23.96553489
Hong Kong,Tourism,2008,"513,185",28.39864792
Hong Kong,Tourism,2009,"418,169",-18.51496049
Hong Kong,Tourism,2010,"473,031",13.11957606
Hong Kong,Tourism,2011,"333,773",-29.43950819
Hong Kong,Tourism,2012,"447,486",34.06896304
Hong Kong,Tourism,2013,"708,997",58.44004058
Hong Kong,Tourism,2014,"886,308",25.00870949
Hong Kong,Tourism,2015,"1,480,564",67.04847525
Hong Kong,Tourism,2016,"1,793,358",21.12667875
Hong Kong,Tourism,2017,"2,180,760",21.60204488
Hong Kong,Tourism,2018,"2,156,354",-1.119151122
Hong Kong,Tourism,2019,"2,237,316",3.75457833
Hong Kong,Tourism,2020,"337,616",-84.90977582
Hong Kong,Tourism,2021,377,-99.88833468
Hong Kong,Tourism,2022,"256,631","67,971.88"
Hong Kong,Tourism,2023,"2,077,319",709.457548
Hong Kong,Tourism,2024,"384,823",
Hong Kong,Transit,1992,"7,385",
Hong Kong,Transit,1993,"7,878",6.675693974
Hong Kong,Transit,1994,"6,224",-20.99517644
Hong Kong,Transit,1995,"6,773",8.820694087
Hong Kong,Transit,1996,"6,238",-7.899010778
Hong Kong,Transit,1997,"5,466",-12.37576146
Hong Kong,Transit,1998,"6,208",13.5748262
Hong Kong,Transit,1999,"4,868",-21.58505155
Hong Kong,Transit,2000,"3,368",-30.81347576
Hong Kong,Transit,2001,"3,101",-7.927553444
Hong Kong,Transit,2002,"2,242",-27.7007417
Hong Kong,Transit,2003,"1,958",-12.66726137
Hong Kong,Transit,2004,508,-74.05515833
Hong Kong,Transit,2005,27,-94.68503937
Hong Kong,Transit,2006,15,-44.44444444
Hong Kong,Transit,2007,,
Hong Kong,Transit,2008,,
Hong Kong,Transit,2009,,
Hong Kong,Transit,2010,,
Hong Kong,Transit,2011,,
Hong Kong,Transit,2012,,
Hong Kong,Transit,2013,,
Hong Kong,Transit,2014,,
Hong Kong,Transit,2015,,
Hong Kong,Transit,2016,,
Hong Kong,Transit,2017,,
Hong Kong,Transit,2018,,
Hong Kong,Transit,2019,,
Hong Kong,Transit,2020,,
Hong Kong,Transit,2021,,
Hong Kong,Transit,2022,,
Hong Kong,Transit,2023,,
Hong Kong,Transit,2024,,
South Korea,Business,1992,"266,323",
South Korea,Business,1993,"274,755",3.166080286
South Korea,Business,1994,"308,504",12.28330695
South Korea,Business,1995,"314,039",1.794142053
South Korea,Business,1996,"323,334",2.959823461
South Korea,Business,1997,"320,305",-0.936802192
South Korea,Business,1998,"250,713",-21.72679165
South Korea,Business,1999,"304,987",21.6478603
South Korea,Business,2000,"334,014",9.517454842
South Korea,Business,2001,"338,482",1.337668481
South Korea,Business,2002,"354,623",4.768643532
South Korea,Business,2003,"367,663",3.67714446
South Korea,Business,2004,"374,442",1.843808052
South Korea,Business,2005,"387,280",3.428568376
South Korea,Business,2006,"376,504",-2.782482958
South Korea,Business,2007,"380,726",1.121369228
South Korea,Business,2008,"347,482",-8.731738836
South Korea,Business,2009,"291,639",-16.0707605
South Korea,Business,2010,"334,592",14.72813993
South Korea,Business,2011,"306,757",-8.319087127
South Korea,Business,2012,"332,132",8.272019872
South Korea,Business,2013,"334,026",0.5702552
South Korea,Business,2014,"326,075",-2.380353625
South Korea,Business,2015,"336,730",3.267653147
South Korea,Business,2016,"334,195",-0.752828676
South Korea,Business,2017,"366,290",9.603674501
South Korea,Business,2018,"356,999",-2.536514783
South Korea,Business,2019,"312,599",-12.43700963
South Korea,Business,2020,"39,635",-87.32081677
South Korea,Business,2021,"2,241",-94.3459064
South Korea,Business,2022,"78,579","3,406.43"
South Korea,Business,2023,"173,959",121.3810306
South Korea,Business,2024,"31,883",
South Korea,Others,1992,"81,329",
South Korea,Others,1993,"82,864",1.88739564
South Korea,Others,1994,"82,375",-0.590123576
South Korea,Others,1995,"84,357",2.406069803
South Korea,Others,1996,"83,241",-1.322948896
South Korea,Others,1997,"83,311",0.084093175
South Korea,Others,1998,"77,967",-6.414519091
South Korea,Others,1999,"86,278",10.65963805
South Korea,Others,2000,"93,421",8.279051438
South Korea,Others,2001,"99,916",6.952398283
South Korea,Others,2002,"107,744",7.834581048
South Korea,Others,2003,"106,310",-1.330932581
South Korea,Others,2004,"110,770",4.195277961
South Korea,Others,2005,"129,056",16.50807981
South Korea,Others,2006,"126,010",-2.36021572
South Korea,Others,2007,"135,773",7.747797794
South Korea,Others,2008,"142,261",4.778564221
South Korea,Others,2009,"141,198",-0.747218141
South Korea,Others,2010,"142,222",0.725222737
South Korea,Others,2011,"152,296",7.083292318
South Korea,Others,2012,"141,365",-7.17747019
South Korea,Others,2013,"148,022",4.709086408
South Korea,Others,2014,"144,169",-2.602991447
South Korea,Others,2015,"145,757",1.101485063
South Korea,Others,2016,"162,580",11.54181274
South Korea,Others,2017,"180,820",11.21909214
South Korea,Others,2018,"204,141",12.89735649
South Korea,Others,2019,"235,055",15.14345477
South Korea,Others,2020,"57,258",-75.64059475
South Korea,Others,2021,"14,617",-74.47168955
South Korea,Others,2022,"75,344",415.4546076
South Korea,Others,2023,"144,312",91.53748142
South Korea,Others,2024,"29,574",
South Korea,Tourism,1992,"502,871",
South Korea,Tourism,1993,"473,318",-5.876855098
South Korea,Tourism,1994,"511,753",8.120333476
South Korea,Tourism,1995,"459,166",-10.27585574
South Korea,Tourism,1996,"565,034",23.0565852
South Korea,Tourism,1997,"587,299",3.940470839
South Korea,Tourism,1998,"380,279",-35.24950664
South Korea,Tourism,1999,"516,053",35.70378591
South Korea,Tourism,2000,"603,697",16.98352689
South Korea,Tourism,2001,"653,370",8.228134312
South Korea,Tourism,2002,"756,991",15.85946707
South Korea,Tourism,2003,"917,590",21.21544378
South Korea,Tourism,2004,"1,037,483",13.06607526
South Korea,Tourism,2005,"1,215,766",17.18418519
South Korea,Tourism,2006,"1,614,745",32.81708816
South Korea,Tourism,2007,"2,084,195",29.07270188
South Korea,Tourism,2008,"1,892,654",-9.190166947
South Korea,Tourism,2009,"1,153,935",-39.03085297
South Korea,Tourism,2010,"1,963,002",70.11374124
South Korea,Tourism,2011,"1,199,020",-38.91906376
South Korea,Tourism,2012,"1,569,278",30.88005204
South Korea,Tourism,2013,"1,974,117",25.79778726
South Korea,Tourism,2014,"2,285,069",15.75144736
South Korea,Tourism,2015,"3,519,608",54.02633356
South Korea,Tourism,2016,"4,593,527",30.51246048
South Korea,Tourism,2017,"6,593,328",43.53519638
South Korea,Tourism,2018,"6,977,812",5.831410177
South Korea,Tourism,2019,"5,036,943",-27.81486518
South Korea,Tourism,2020,"391,046",-92.23644183
South Korea,Tourism,2021,"2,089",-99.46579175
South Korea,Tourism,2022,"858,828","41,011.92"
South Korea,Tourism,2023,"6,640,223",673.172626
South Korea,Tourism,2024,"1,614,144",
South Korea,Transit,1992,"13,529",
South Korea,Transit,1993,"14,486",7.073693547
South Korea,Transit,1994,"15,827",9.257213862
South Korea,Transit,1995,"16,073",1.554305933
South Korea,Transit,1996,"22,753",41.56038076
South Korea,Transit,1997,"19,656",-13.6113919
South Korea,Transit,1998,"15,486",-21.21489622
South Korea,Transit,1999,"35,356",128.3094408
South Korea,Transit,2000,"33,258",-5.933929178
South Korea,Transit,2001,"42,203",26.89578447
South Korea,Transit,2002,"52,477",24.34424093
South Korea,Transit,2003,"67,770",29.14229091
South Korea,Transit,2004,"65,777",-2.940829275
South Korea,Transit,2005,"15,069",-77.09077641
South Korea,Transit,2006,66,-99.56201473
South Korea,Transit,2007,,
South Korea,Transit,2008,,
South Korea,Transit,2009,,
South Korea,Transit,2010,,
South Korea,Transit,2011,,
South Korea,Transit,2012,,
South Korea,Transit,2013,,
South Korea,Transit,2014,,
South Korea,Transit,2015,,
South Korea,Transit,2016,,
South Korea,Transit,2017,,
South Korea,Transit,2018,,
South Korea,Transit,2019,,
South Korea,Transit,2020,,
South Korea,Transit,2021,,
South Korea,Transit,2022,,
South Korea,Transit,2023,,
South Korea,Transit,2024,,
Taiwan,Business,1992,"60,084",
Taiwan,Business,1993,"54,768",-8.847613341
Taiwan,Business,1994,"55,125",0.651840491
Taiwan,Business,1995,"58,489",6.102494331
Taiwan,Business,1996,"64,446",10.18482108
Taiwan,Business,1997,"67,829",5.24935605
Taiwan,Business,1998,"68,091",0.386265462
Taiwan,Business,1999,"69,991",2.790383457
Taiwan,Business,2000,"73,308",4.739180752
Taiwan,Business,2001,"68,689",-6.300813008
Taiwan,Business,2002,"78,468",14.23663178
Taiwan,Business,2003,"78,021",-0.569658969
Taiwan,Business,2004,"88,948",14.00520373
Taiwan,Business,2005,"87,967",-1.102891577
Taiwan,Business,2006,"98,417",11.8794548
Taiwan,Business,2007,"101,550",3.183393113
Taiwan,Business,2008,"95,423",-6.033481044
Taiwan,Business,2009,"80,034",-16.12713916
Taiwan,Business,2010,"95,159",18.89821826
Taiwan,Business,2011,"90,712",-4.673231118
Taiwan,Business,2012,"102,158",12.61795573
Taiwan,Business,2013,"105,645",3.41334012
Taiwan,Business,2014,"111,815",5.84031426
Taiwan,Business,2015,"118,696",6.153914949
Taiwan,Business,2016,"118,754",0.048864326
Taiwan,Business,2017,"125,149",5.385081766
Taiwan,Business,2018,"126,929",1.422304613
Taiwan,Business,2019,"122,722",-3.314451386
Taiwan,Business,2020,"15,189",-87.62324604
Taiwan,Business,2021,590,-96.11560998
Taiwan,Business,2022,"23,640","3,906.78"
Taiwan,Business,2023,"76,563",223.8705584
Taiwan,Business,2024,"13,719",
Taiwan,Others,1992,"32,633",
Taiwan,Others,1993,"31,779",-2.616982809
Taiwan,Others,1994,"30,122",-5.214135121
Taiwan,Others,1995,"29,941",-0.600889715
Taiwan,Others,1996,"27,642",-7.678434254
Taiwan,Others,1997,"26,617",-3.708125317
Taiwan,Others,1998,"25,575",-3.914791299
Taiwan,Others,1999,"24,886",-2.694037146
Taiwan,Others,2000,"24,670",-0.867957888
Taiwan,Others,2001,"23,728",-3.818402919
Taiwan,Others,2002,"23,884",0.657451113
Taiwan,Others,2003,"21,978",-7.980237816
Taiwan,Others,2004,"24,461",11.2976613
Taiwan,Others,2005,"25,424",3.936879114
Taiwan,Others,2006,"26,476",4.13782253
Taiwan,Others,2007,"28,063",5.994107871
Taiwan,Others,2008,"30,380",8.256423048
Taiwan,Others,2009,"31,276",2.949308756
Taiwan,Others,2010,"33,780",8.006138892
Taiwan,Others,2011,"35,252",4.357608052
Taiwan,Others,2012,"34,264",-2.802677862
Taiwan,Others,2013,"37,907",10.63215036
Taiwan,Others,2014,"43,581",14.96821168
Taiwan,Others,2015,"53,230",22.14038228
Taiwan,Others,2016,"67,199",26.24272027
Taiwan,Others,2017,"75,628",12.54334142
Taiwan,Others,2018,"86,243",14.03580684
Taiwan,Others,2019,"96,222",11.57079415
Taiwan,Others,2020,"30,823",-67.96678514
Taiwan,Others,2021,"3,836",-87.55474808
Taiwan,Others,2022,"21,162",451.6684046
Taiwan,Others,2023,"61,174",189.0747566
Taiwan,Others,2024,"16,904",
Taiwan,Tourism,1992,"622,707",
Taiwan,Tourism,1993,"581,958",-6.54384807
Taiwan,Tourism,1994,"562,053",-3.420349922
Taiwan,Tourism,1995,"490,080",-12.80537601
Taiwan,Tourism,1996,"628,192",28.18152138
Taiwan,Tourism,1997,"725,785",15.53553691
Taiwan,Tourism,1998,"744,089",2.521958982
Taiwan,Tourism,1999,"829,969",11.5416301
Taiwan,Tourism,2000,"807,261",-2.736005803
Taiwan,Tourism,2001,"708,065",-12.2879713
Taiwan,Tourism,2002,"769,074",8.616299351
Taiwan,Tourism,2003,"681,490",-11.38824092
Taiwan,Tourism,2004,"962,168",41.18593083
Taiwan,Tourism,2005,"1,160,402",20.6028469
Taiwan,Tourism,2006,"1,184,183",2.049375992
Taiwan,Tourism,2007,"1,255,642",6.034455823
Taiwan,Tourism,2008,"1,264,425",0.699482814
Taiwan,Tourism,2009,"912,982",-27.79468929
Taiwan,Tourism,2010,"1,139,339",24.79315036
Taiwan,Tourism,2011,"868,010",-23.81459776
Taiwan,Tourism,2012,"1,329,331",53.14696835
Taiwan,Tourism,2013,"2,067,269",55.5119831
Taiwan,Tourism,2014,"2,674,425",29.36995621
Taiwan,Tourism,2015,"3,505,149",31.06177964
Taiwan,Tourism,2016,"3,981,559",13.59171893
Taiwan,Tourism,2017,"4,363,276",9.587124039
Taiwan,Tourism,2018,"4,544,086",4.143904717
Taiwan,Tourism,2019,"4,671,658",2.807429261
Taiwan,Tourism,2020,"648,464",-86.11918938
Taiwan,Tourism,2021,590,-99.90901577
Taiwan,Tourism,2022,"286,295","48,424.58"
Taiwan,Tourism,2023,"4,064,697","1,319.76"
Taiwan,Tourism,2024,"963,902",
Taiwan,Transit,1992,63,
Taiwan,Transit,1993,76,20.63492064
Taiwan,Transit,1994,108,42.10526316
Taiwan,Transit,1995,141,30.55555556
Taiwan,Transit,1996,17,-87.94326241
Taiwan,Transit,1997,3,-82.35294118
Taiwan,Transit,1998,"5,333","177,666.67"
Taiwan,Transit,1999,"6,565",23.10144384
Taiwan,Transit,2000,"7,575",15.38461539
Taiwan,Transit,2001,"6,720",-11.28712871
Taiwan,Transit,2002,"6,283",-6.50297619
Taiwan,Transit,2003,"3,890",-38.08690116
Taiwan,Transit,2004,"5,013",28.8688946
Taiwan,Transit,2005,819,-83.66247756
Taiwan,Transit,2006,45,-94.50549451
Taiwan,Transit,2007,,
Taiwan,Transit,2008,,
Taiwan,Transit,2009,,
Taiwan,Transit,2010,,
Taiwan,Transit,2011,,
Taiwan,Transit,2012,,
Taiwan,Transit,2013,,
Taiwan,Transit,2014,,
Taiwan,Transit,2015,,
Taiwan,Transit,2016,,
Taiwan,Transit,2017,,
Taiwan,Transit,2018,,
Taiwan,Transit,2019,,
Taiwan,Transit,2020,,
Taiwan,Transit,2021,,
Taiwan,Transit,2022,,
Taiwan,Transit,2023,,
Taiwan,Transit,2024,,
United Kingdom,Business,1992,"53,021",
United Kingdom,Business,1993,"52,532",-0.922276079
United Kingdom,Business,1994,"56,925",8.362521891
United Kingdom,Business,1995,"60,294",5.91831357
United Kingdom,Business,1996,"65,842",9.20157893
United Kingdom,Business,1997,"71,337",8.345736764
United Kingdom,Business,1998,"72,008",0.940605857
United Kingdom,Business,1999,"72,335",0.454116209
United Kingdom,Business,2000,"77,699",7.415497339
United Kingdom,Business,2001,"72,743",-6.378460469
United Kingdom,Business,2002,"70,755",-2.732909008
United Kingdom,Business,2003,"66,557",-5.933149601
United Kingdom,Business,2004,"68,316",2.642847484
United Kingdom,Business,2005,"71,690",4.938813748
United Kingdom,Business,2006,"72,162",0.658390292
United Kingdom,Business,2007,"71,390",-1.069815138
United Kingdom,Business,2008,"62,231",-12.82952795
United Kingdom,Business,2009,"49,973",-19.69757838
United Kingdom,Business,2010,"54,715",9.489124127
United Kingdom,Business,2011,"50,036",-8.551585488
United Kingdom,Business,2012,"57,719",15.35494444
United Kingdom,Business,2013,"56,708",-1.751589598
United Kingdom,Business,2014,"57,002",0.518445369
United Kingdom,Business,2015,"56,996",-0.010525946
United Kingdom,Business,2016,"55,983",-1.777317707
United Kingdom,Business,2017,"55,324",-1.177143061
United Kingdom,Business,2018,"54,327",-1.802111199
United Kingdom,Business,2019,"57,475",5.794540468
United Kingdom,Business,2020,"7,248",-87.3892997
United Kingdom,Business,2021,532,-92.66004415
United Kingdom,Business,2022,"15,454","2,804.89"
United Kingdom,Business,2023,"29,888",93.39976705
United Kingdom,Business,2024,"4,785",
United Kingdom,Others,1992,"15,336",
United Kingdom,Others,1993,"15,429",0.606416275
United Kingdom,Others,1994,"17,185",11.38116534
United Kingdom,Others,1995,"17,342",0.913587431
United Kingdom,Others,1996,"17,640",1.718371583
United Kingdom,Others,1997,"19,094",8.242630385
United Kingdom,Others,1998,"20,788",8.871896931
United Kingdom,Others,1999,"22,043",6.03713681
United Kingdom,Others,2000,"23,633",7.21317425
United Kingdom,Others,2001,"24,098",1.967587695
United Kingdom,Others,2002,"24,271",0.717901901
United Kingdom,Others,2003,"23,466",-3.316715422
United Kingdom,Others,2004,"24,438",4.14216313
United Kingdom,Others,2005,"26,226",7.316474343
United Kingdom,Others,2006,"22,748",-13.26164875
United Kingdom,Others,2007,"21,966",-3.43766485
United Kingdom,Others,2008,"20,376",-7.238459437
United Kingdom,Others,2009,"18,529",-9.064585787
United Kingdom,Others,2010,"18,335",-1.047007394
United Kingdom,Others,2011,"17,796",-2.939732752
United Kingdom,Others,2012,"17,397",-2.242076871
United Kingdom,Others,2013,"18,340",5.420474795
United Kingdom,Others,2014,"18,011",-1.79389313
United Kingdom,Others,2015,"19,279",7.040142135
United Kingdom,Others,2016,"19,711",2.240780123
United Kingdom,Others,2017,"20,890",5.981431688
United Kingdom,Others,2018,"22,261",6.562948779
United Kingdom,Others,2019,"23,682",6.383361035
United Kingdom,Others,2020,"5,998",-74.67274723
United Kingdom,Others,2021,"2,224",-62.92097366
United Kingdom,Others,2022,"11,512",417.6258993
United Kingdom,Others,2023,"16,754",45.53509382
United Kingdom,Others,2024,"3,233",
United Kingdom,Tourism,1992,"35,920",
United Kingdom,Tourism,1993,"39,236",9.231625835
United Kingdom,Tourism,1994,"45,668",16.39310837
United Kingdom,Tourism,1995,"49,323",8.003415959
United Kingdom,Tourism,1996,"57,614",16.80960201
United Kingdom,Tourism,1997,"75,012",30.19752144
United Kingdom,Tourism,1998,"88,734",18.29307311
United Kingdom,Tourism,1999,"88,513",-0.249058985
United Kingdom,Tourism,2000,"91,598",3.485363732
United Kingdom,Tourism,2001,"101,122",10.39760694
United Kingdom,Tourism,2002,"124,244",22.86544966
United Kingdom,Tourism,2003,"110,510",-11.05405492
United Kingdom,Tourism,2004,"122,947",11.25418514
United Kingdom,Tourism,2005,"123,618",0.545763622
United Kingdom,Tourism,2006,"121,566",-1.659952434
United Kingdom,Tourism,2007,"128,589",5.777108731
United Kingdom,Tourism,2008,"123,957",-3.60217437
United Kingdom,Tourism,2009,"112,958",-8.8732383
United Kingdom,Tourism,2010,"110,995",-1.737814055
United Kingdom,Tourism,2011,"72,267",-34.89166179
United Kingdom,Tourism,2012,"98,878",36.82316964
United Kingdom,Tourism,2013,"116,750",18.07479925
United Kingdom,Tourism,2014,"145,047",24.2372591
United Kingdom,Tourism,2015,"182,213",25.62341862
United Kingdom,Tourism,2016,"216,764",18.96187429
United Kingdom,Tourism,2017,"234,285",8.082984259
United Kingdom,Tourism,2018,"257,391",9.862347141
United Kingdom,Tourism,2019,"343,122",33.30769141
United Kingdom,Tourism,2020,"37,778",-88.98992195
United Kingdom,Tourism,2021,"4,538",-87.98771772
United Kingdom,Tourism,2022,"30,530",572.7633319
United Kingdom,Tourism,2023,"274,840",800.2292827
United Kingdom,Tourism,2024,"37,668",
United Kingdom,Transit,1992,118,
United Kingdom,Transit,1993,291,146.6101695
United Kingdom,Transit,1994,83,-71.47766323
United Kingdom,Transit,1995,8,-90.36144578
United Kingdom,Transit,1996,16,100
United Kingdom,Transit,1997,3,-81.25
United Kingdom,Transit,1998,3,0
United Kingdom,Transit,1999,3,0
United Kingdom,Transit,2000,0,-100
United Kingdom,Transit,2001,2,
United Kingdom,Transit,2002,1,-50
United Kingdom,Transit,2003,10,900
United Kingdom,Transit,2004,3,-70
United Kingdom,Transit,2005,1,-66.66666667
United Kingdom,Transit,2006,0,-100
United Kingdom,Transit,2007,,
United Kingdom,Transit,2008,,
United Kingdom,Transit,2009,,
United Kingdom,Transit,2010,,
United Kingdom,Transit,2011,,
United Kingdom,Transit,2012,,
United Kingdom,Transit,2013,,
United Kingdom,Transit,2014,,
United Kingdom,Transit,2015,,
United Kingdom,Transit,2016,,
United Kingdom,Transit,2017,,
United Kingdom,Transit,2018,,
United Kingdom,Transit,2019,,
United Kingdom,Transit,2020,,
United Kingdom,Transit,2021,,
United Kingdom,Transit,2022,,
United Kingdom,Transit,2023,,
United Kingdom,Transit,2024,,
United States,Business,1992,"199,679",
United States,Business,1993,"197,150",-1.266532785
United States,Business,1994,"207,138",5.066193254
United States,Business,1995,"219,462",5.949656751
United States,Business,1996,"241,350",9.973480603
United States,Business,1997,"269,973",11.85954009
United States,Business,1998,"268,549",-0.527460153
United States,Business,1999,"273,452",1.825737575
United States,Business,2000,"289,496",5.86720887
United States,Business,2001,"251,088",-13.2671954
United States,Business,2002,"252,700",0.64200599
United States,Business,2003,"242,055",-4.212504947
United States,Business,2004,"247,276",2.156947801
United States,Business,2005,"259,571",4.972176839
United States,Business,2006,"260,430",0.330930651
United States,Business,2007,"258,085",-0.900433898
United States,Business,2008,"228,311",-11.53650929
United States,Business,2009,"184,878",-19.02361253
United States,Business,2010,"208,232",12.63211415
United States,Business,2011,"188,595",-9.430346921
United States,Business,2012,"215,597",14.31745274
United States,Business,2013,"214,076",-0.705482915
United States,Business,2014,"219,240",2.412227433
United States,Business,2015,"220,022",0.356686736
United States,Business,2016,"213,150",-3.123324031
United States,Business,2017,"218,372",2.449917898
United States,Business,2018,"219,927",0.71208763
United States,Business,2019,"216,392",-1.60735153
United States,Business,2020,"28,857",-86.66447928
United States,Business,2021,"1,294",-95.51581939
United States,Business,2022,"58,336","4,408.19"
United States,Business,2023,"119,349",104.5889331
United States,Business,2024,"18,354",
United States,Others,1992,"62,890",
United States,Others,1993,"63,843",1.515344252
United States,Others,1994,"65,815",3.088827279
United States,Others,1995,"65,948",0.202081592
United States,Others,1996,"67,648",2.577788561
United States,Others,1997,"67,994",0.511471145
United States,Others,1998,"69,365",2.016354384
United States,Others,1999,"67,279",-3.007280329
United States,Others,2000,"66,292",-1.467025372
United States,Others,2001,"63,990",-3.472515537
United States,Others,2002,"66,355",3.695889983
United States,Others,2003,"63,088",-4.923517444
United States,Others,2004,"66,633",5.619135176
United States,Others,2005,"74,567",11.90701304
United States,Others,2006,"65,823",-11.72636689
United States,Others,2007,"66,244",0.639594063
United States,Others,2008,"65,897",-0.523821025
United States,Others,2009,"63,774",-3.221694463
United States,Others,2010,"61,755",-3.165866968
United States,Others,2011,"58,969",-4.511375597
United States,Others,2012,"56,490",-4.203903746
United States,Others,2013,"58,436",3.444857497
United States,Others,2014,"61,353",4.991785885
United States,Others,2015,"63,843",4.058481248
United States,Others,2016,"67,102",5.104709992
United States,Others,2017,"69,506",3.582605586
United States,Others,2018,"73,510",5.760653757
United States,Others,2019,"78,433",6.697048021
United States,Others,2020,"20,925",-73.32117859
United States,Others,2021,"10,739",-48.6786141
United States,Others,2022,"36,040",235.5992178
United States,Others,2023,"56,125",55.72974473
United States,Others,2024,"12,125",
United States,Tourism,1992,"298,049",
United States,Tourism,1993,"272,348",-8.623078756
United States,Tourism,1994,"258,131",-5.220159502
United States,Tourism,1995,"254,472",-1.417497317
United States,Tourism,1996,"277,802",9.168002767
United States,Tourism,1997,"283,729",2.133533956
United States,Tourism,1998,"328,781",15.87853198
United States,Tourism,1999,"356,881",8.54672259
United States,Tourism,2000,"370,054",3.691146349
United States,Tourism,2001,"377,109",1.906478514
United States,Tourism,2002,"412,845",9.476305259
United States,Tourism,2003,"350,674",-15.05916264
United States,Tourism,2004,"445,840",27.13802563
United States,Tourism,2005,"487,887",9.43096178
United States,Tourism,2006,"490,472",0.529835802
United States,Tourism,2007,"491,553",0.220399941
United States,Tourism,2008,"474,137",-3.543056395
United States,Tourism,2009,"451,267",-4.823500381
United States,Tourism,2010,"457,247",1.325157833
United States,Tourism,2011,"318,323",-30.38270344
United States,Tourism,2012,"444,622",39.67636646
United States,Tourism,2013,"526,768",18.47546905
United States,Tourism,2014,"611,075",16.00457887
United States,Tourism,2015,"749,393",22.63519208
United States,Tourism,2016,"962,467",28.43287834
United States,Tourism,2017,"1,087,086",12.9478725
United States,Tourism,2018,"1,232,970",13.41972944
United States,Tourism,2019,"1,429,036",15.90192787
United States,Tourism,2020,"169,525",-88.13710781
United States,Tourism,2021,"7,993",-95.2850612
United States,Tourism,2022,"229,137","2,766.72"
United States,Tourism,2023,"1,870,380",716.2714882
United States,Tourism,2024,"250,095",
United States,Transit,1992,322,
United States,Transit,1993,60,-81.36645963
United States,Transit,1994,268,346.6666667
United States,Transit,1995,17,-93.65671642
United States,Transit,1996,36,111.7647059
United States,Transit,1997,41,13.88888889
United States,Transit,1998,5,-87.80487805
United States,Transit,1999,18,260
United States,Transit,2000,112,522.2222222
United States,Transit,2001,5,-95.53571429
United States,Transit,2002,0,-100
United States,Transit,2003,4,
United States,Transit,2004,4,0
United States,Transit,2005,8,100
United States,Transit,2006,2,-75
United States,Transit,2007,,
United States,Transit,2008,,
United States,Transit,2009,,
United States,Transit,2010,,
United States,Transit,2011,,
United States,Transit,2012,,
United States,Transit,2013,,
United States,Transit,2014,,
United States,Transit,2015,,
United States,Transit,2016,,
United States,Transit,2017,,
United States,Transit,2018,,
United States,Transit,2019,,
United States,Transit,2020,,
United States,Transit,2021,,
United States,Transit,2022,,
United States,Transit,2023,,
United States,Transit,2024,,